{"MSE": 2.4705916253378604, "_timestamp": 1686162118.412585, "_runtime": 4.352488994598389, "_step": 0, "_wandb": {"runtime": 4}}