{"MSE": 2.4537866588210404, "_timestamp": 1686162161.285482, "_runtime": 5.203222990036011, "_step": 0, "_wandb": {"runtime": 4}}