{"MSE": 2.4500096299752347, "_timestamp": 1686162177.636555, "_runtime": 6.068019866943359, "_step": 0, "_wandb": {"runtime": 5}}