{"MSE": 2.4535392434339935, "_timestamp": 1686162136.149933, "_runtime": 6.487985134124756, "_step": 0, "_wandb": {"runtime": 6}}