{"MSE": 2.453983836538874, "_timestamp": 1686158775.1580129, "_runtime": 12.854079961776733, "_step": 0, "_wandb": {"runtime": 3332}}