{"MSE": 2.450036757480932, "_timestamp": 1686162105.288011, "_runtime": 8.092561960220337, "_step": 0, "_wandb": {"runtime": 7}}